,id,Coment√°rio,class_result
0,htfz11y,"Outra sugest√£o: procure o perfil no Instagram de outros sebos, abra a aba de seguidores e siga todos que puder. Dessa forma voc√™ t√° chamando para que olhe o seu perfil aquelas pessoas que seguem outros perfis de sebos, o que √© uma sele√ß√£o interessante do seu p√∫blico-alvo.",2
1,hub93yq,Campeonato de quarto,1
2,hv1xsjp,N√£o entendi,1
3,hvsbpyg,"Mano, o Lucas Lima n√£o esperou nem 10 minutos do an√∫ncio de contrata√ß√£o no Palmeiras pra come√ßar a zoar o Santos. Tem gente que √© chato pra krl por natureza.",0
4,hwzr3zr,Eu acho que ouvi um üêÑmuuul,2
5,hx032h3,T√¥ achando √≥timo os downvotes que t√¥ tomando por falar que essa gente √© insuport√°vel e elitista,0
6,hzr30pf,No meio desses 2.7 anos John chutou uma pedra e foi ao m√©dico agora tem uma d√≠vida de 55 Nissan Versa 0km.,1
7,hztxjm3,o jeito q ele jogou a caneca entregou tudo,0
8,i0cxpa8,N√£o tem ningu√©m que vc goste? Algum lugar que queira visitar? Coisas que tem vontade de possuir?,1
9,i4inod3,"√â amigo ou √© colega?

Chamaria no cantinho, verificaria se est√° tudo bem - afinal depre n√£o tem cara -, e investigaria se ele sente o cheiro dele. Se √© na boca pode ser gastro, se √© suor podem ser gl√¢ndulas. Se, realmente, √© falta de banho, se ele est√° com dificuldades... Pra voc√™ ver, a taxa de amputa√ß√£o peniana continua alta justamente por falta de higiene! ""Os caras"" n√£o pegam no pr√≥prio pau! Pra lavar!!! De repente ele n√£o sabe como tomar banho direito, mesmo.

Quando eu era crian√ßa / adolescente eu tinha muitos problemas com isso, mas dentro de casa. Afinal crian√ßa n√£o aprende as coisas por inspira√ß√£o de Aslan, neh... E minha m√£e jogava na minha cara e tals (narci mom).

O que acontece √© que realmente eu n√£o tenho olfato, tadinho. Se o meu nariz funciona umas duas vezes por ano √© muito! Mas a√≠ fui aprendendo a ter cuidados pessoas, ter uma rotina, etc.",2
10,i67yn4d,Achei que era o Roberto Leal quando novo.,1
11,i7791gi,"Time financiado pela Globo e CBF, nenhuma novidade.",0
12,i7p2zsy,Mas quem desfez a baixa do ipi foi o ministro Alexandre o Glande rs,0
13,i8ydcc4,Isso me lembra os Z√© ruela q xinga a Amazon mas nem dorme esperando virar meia noite nas promo√ß√µes. #supportyourlocal meu rabo,0
14,ibvipou,"Po antes, gerente me olha na cara e fala ""U√©, n√£o pediu lim√£o?"" Zero gorjeta, zero retornos uahuauha",0
15,idreo6q,"Eu tenho asco dessa mulher, uma das piores desgra√ßas que surgiu do esgoto do bolsonarismo.",0
16,iei7skv,Obrigado por compartilhar essa obra nostalgica.,2
17,if0zg4r,Essa foi a pior cobran√ßa que eu j√° vi na hist√≥ria do futebol.,0
18,ilnh8fu,"Tmj p√¥, eu curto essas parada reflexiva e tals, √© m√≥ brisa hahaha.  Faz voc√™ ter umas ideias mais fora da caixa e √© uma parada que ""agrega"" em alguns pensamentos sobre a vida.",2
19,imnbsnp,Conta criada a 24 dias,1
20,imt09y5,"O patrim√¥nio do Barsi n√£o √© p√∫blico, ele √© investidor na pessoa f√≠sica, assim como o seu tamb√©m n√£o √©. Ent√£o ele n√£o aparece e provavelmente nunca vai aparecer nessas listas pq ele n√£o tem participa√ß√£o relevante de uma empresa gigante ou algo do tipo. O PL dele √© dilu√≠do em a√ß√µes e n√£o tem como saber quanto ele tem.

Diferente do Elon Musk por exemplo que tem % da tesla e essa informa√ß√£o √© p√∫blica. Ent√£o d√° pra calcular facilmente o patrim√¥nio dele.

Meu chute √© que o PL do Barsi atual √© uns 3\~4bi.",1
21,in2pu3e,A velocidade de quantas pikas ela vai sentar por min,0
22,in3un5u,"J√° escutou Para√≠so da Miragem, do Russo Passapusso? Encarnado, da Ju√ßara Mar√ßal? Violeta, do Terno Rei, tamb√©m.",1
23,inq1nqa,"Esse √© filme pra levar o filho pra assistir. Tem filme bom sendo produzido tamb√©m, mas normalmente √© menor, n√£o vi nenhum, mas aposto que qualquer um desses aqui √© bem melhor que esse que voc√™ postou

",2
24,ionoagy,"Judeus s√£o odiados por v√°rios povos, seja l√° por que motivo.",0
25,ipa422s,Eu realmente achei que vc iria me trazer alguma informa√ß√£o ou argumento kkkkkkkkkkk,2
26,ipc74zb,gosto dos sucessos de nu metal/new metal da banda MILHO,2
27,ipn6tgm,Por que foi.,1
28,ipnk19u,"Voc√™ deveria ter parado de existir h√° muito tempo amigo, pare de desperdi√ßar nosso oxig√™nio.",0
29,irvzm2k,"Porque na cabe√ßa dela o simples fato dela ser mulher faz com que automaticamente um homem perceba e se interesse por ela, caso ela esteja flertando com o cara. kkkkkkkk",0
30,it0ysf2,Claro que deve. Esse √© o melhor Corinthians dos √∫ltimos anos.,2
31,itq7pmd,"Como muita gente n√£o vai entrar no post original, acho melhor passar essa informa√ß√£o aqui.

O cara que fez o post explicou n√≥s coment√°rios que esse n√£o √© um ranking baseado apenas no desempenhos dos clubes nas competi√ß√µes da Conmembol, mas sim um ranking de grandeza geral dos clubes que fazem parte da Conmembol. 

Por exemplo, o que explica situa√ß√µes como Corinthians na frente do Gr√™mio? As mesmas quest√µes que fazem qualquer brasileiro colocar o Corinthians como maior que o Gr√™mio, campeonato brasileiro, mundiais e rebaixamentos, talvez at√© torcida (n√£o sei se o OP considerou isso).",1
32,iuj23or,"Arte de maneira geral tem um enorme impacto em mim.

Se n√£o for filme de her√≥i que j√° deu oq tinha pra dar ao meu ver normalmente me deixa reflexivo.",2
33,iurpdsj,"Seguindo firme e forte na luta pelo posto de pior pol√≠cia do mundo. 

ACAB, especialmente os do Rio",0
34,ivhgb5o,Pessoa que foi gravada mandando assessores fazer conta fake.,0
35,ivpy4gn,"Tudo menos :

\- A ""vacina""

\- Os lockdowns

\- As urnas

\- A censura

\- O fato de ser um isent√£o que acabou elegendo o maior ladr√£o da hist√≥ria do nosso pa√≠s

\- O plano de ""governo"" do Luladr√£o

Mais alguma coisa ?",0
36,iwxln8p,N√£o entendi foi poha nenhuma. Sou burro pra krai.,0
37,ix3kebu,"Como √© que algu√©m pode acreditar numa hist√≥ria dessas com este tipo de escolha de palavras:


>n√£o imaginava que o pior poderia acontecer

>eu acordei ele com um murro de direita

>minha imagina√ß√£o descreve como seria o corpo dela em cima dele",0
38,ix414hb,"Nossa euacho q vai dar tanta merda. Tanta gnt vai acabar presa por querer beber, comemorar na rua, tocar/conversar com mulheres em p√∫blico",0
39,iz6s4xi,Kkkkkkkk eu discordo eu bloqueio usu√°rios como se n√£o houvesse amanh√£ n√£o vou ficar tendo contato com quem n√£o me interessa.,2
40,iz74kts,"O ideal aqui √© voc√™ cuidar muito bem disso antes de voltar a se exercitar de forma extrema novamente (corridas longas, etc). Se voc√™ n√£o curar isso muito bem, voc√™ pode acabar tendo um problema por muitos anos, ou at√© mesmo pro resto da vida, e voc√™ n√£o vai mais poder fazer as corridas que tanto gosta. 

Ideal seria ir no m√©dico, se n√£o pode pagar, vai no SUS, ortopedista. Precisa cuidar disso a√≠.",2
41,j1d2iur,Professor de economia falando esquerdista retardado? Deve ser formado na escolinha do Olavo de Carvalho,0
42,j1t4foo,"Eu recomendo passar a m√°quina na zero kkkk Sem brincadeira, uma vez eu passei e nunca mais voltei atr√°s, s√≥ que √†s vezes tenho a impress√£o de que as pessoas me olham estranho na rua kkkk",2
43,hrq08kh,Acho q o melhor √© o do p√£o de a√ß√∫car q te d√° 1 real por milha,2
44,hs6dhrj,"Cad√™ aquele user que faz uns desenhos de amazofuturismo?

Edit: lembrei √© o u/Q1R0Z",1
45,huutovu,"Cara, eu nem consegui terminar de ler o post pq me subiu um √≥dio inexplic√°vel. Eu poderia ficar horas justificando a √∫nica solu√ß√£o poss√≠vel mas voc√™ provavelmente j√° sabe. Termina e ponto final. Chora, grita, rola no ch√£o de tristeza mas termina. Muito melhor chorar por perder o que vc gosta do que por manter o que te faz mal. Ser burro √© uma escolha e manter essa rela√ß√£o √© burrice da sua parte. Desculpa parecer grosso ou algo do tipo mas infelizmente √© o jeito mais f√°cil de ilustrar isso pra algu√©m que j√° fez 2 t√≥picos aqui e nn percebeu que merece mais do que migalha em uma rela√ß√£o.",0
46,hxvk87n,Voc√™ se recusar a ficar com ela √© o m√≠nimo. N√£o merece parab√©ns por culpa disso n√£o.,0
47,i01vk33,Parei de estudar por um ano em 2013. Uma das melhores decis√µes da minha vida.,2
48,i061d25,"Pior que o Brasil tem uma bomba rel√≥gio para ter um crescimento econ√¥mico decente e sustent√°vel.

Afinal a popula√ß√£o est√° envelhecendo, eventualmente a popula√ß√£o ativa vai chegar em seu PICO e cair e tamb√©m a pr√≥pria popula√ß√£o vai encolher, creio que no momento que os dois acontecer vai ser uma tarefa bem d√≠ficil ter um crescimento decente.",0
49,i0aub1n,Mas quem ganha sal√°rio m√≠nimo tem carro?,1
50,i0jo832,Bela faixa,2
51,i0jpcfe,"Dishonored conhe√ßo, os outros jogos sao rpg?",1
52,i3u27wg,Seu namorado √© um bosta,0
53,i4hnizn,"Vc pode ser ilustrador freelancer. Ganhar dinheiro na Internet √© amplo demais. Eu ganho dinheiro pela Internet, no caso trabalho home office.",2
54,i65ht96,"J√° fui bonzinho, so me fudi, e hoje s√≥ quero saber do meu e estou me dando muito melhor. O mundo √© uma competicao. Quem √© mais fraco √© esmagado.",2
55,i6y9dr8,">Deixa as pessoas fazerem o que quiserem e larga essa atitude de ""se voc√™ pensar 5 minutos"". 

Eu super odeio quem fiscaliza a vida dos outros, afinal cada um tem a sua e deveria cuidar dela. Mas acontece que ter um filho √© literalmente criar uma nova vida, ou seja, se der merda n√£o vai afetar apenas a vida da pessoa, mas vai ter um inocente ,que n√£o pediu para nascer, sofrendo no mundo.",0
56,i787a8z,Putz. Come√ßou...,0
57,i8fli3p,Esses bodybuilders morrem do cora√ß√£o por decorr√™ncia do uso de subst√¢ncia anabolizantes?,1
58,ibn8siz,"Desde que a v√≠tima seja uma categoria ""oprimida"".",0
59,ibzchpf,n√£o t√° n√£o. usei minha regua aqui e a linha t√° torta,0
60,idric1j,Opini√£o pol√™mica? Que del√≠rio √© esse? Kkk,0
61,ierbcbb,"Mesmo sem reagir voc√™ vai morrer. E depois ir√£o dizer que voc√™ reagiu. 
√â assim em 90% dos casos. 
O bandido SEMPRE tem raz√£o: seja por ser ‚Äúv√≠tima da sociedade‚Äù, seja por que VOC√ä foi escroto e ‚Äúameacou‚Äù a maravilhosa vida dele. Em TODAS as mat√©rias que saem sobre morte por latroc√≠nio, sempre fala que a v√≠tima reagiu. Mas √© s√≥ mais uma maneira de atestar a ‚Äúbondade‚Äù e ‚Äúinoc√™ncia‚Äù desses lixos a√≠.",0
62,ifbtdcd,"‚ÄúUnico movimento‚Äù????? 
Chegou na pol√≠tica ontem, campe√£o?",0
63,iftgflv,"Piadas que riem da desgra√ßa alheia, acho desnecess√°rio.",0
64,igk8ofv,esse cara fez alguma coisa como deputado?,0
65,ih4axd6,em 20 min o vanderlan ja jogou mais do que o jorge jogou o ano inteiro...,2
66,ih88bgq,Primeira boa coloca√ß√£o dela em muito tempo.,2
67,ihvogh1,Futebol de baixo n√≠vel que nem os campeonatos sulamericanos s√£o mesmo.,0
68,im96gwu,"""qual √© a do presidente? de vez em quando ele olha pra camera do nada e faz uma cara assim ü§®"" - Karen Filippelli",1
69,in3tz76,"V√©i, voc√™ est√° sofrendo por webnamoro? Pqp

Voc√™ tem quantos anos ?",0
70,ingm4ip,"Bob√£o querendo ganhar like com lacra√ß√£o bolsonarista, nem leu o post kkk",0
71,ioeme6y,"cara, a real √© que, se vc tivesse uma pra comer todos os dias, nao estaria nem a√≠. Agora, ela pode dar pra quantos e pra quem quiser todos os dias, n√£o importa aonde ela estiver, vai ter um cara agradavel a ela e ela vai poder sentar forte, sentar forte e sentar forte.   


  
Infelizmente vc jogou mal em n√£o ter estipulado a regra de  ""S√≥ podemos ficar com outras pessoas se estivermos juntos""  


Cara, se vc fechar a rela√ß√£o, jamais vai conseguir deixar ela sair com alguma amiga ir beber ou conversar com o pessoal do trabalho no bar, tu vai ficar se remoendo em casa igual um viciado em crack, sempre achando que o outro ou os outros, est√£o l√°. As vezes eles v√£o at√© juntos fazer uma baguncinha com ela.  


F for respect. but you were stupid",0
72,ioslk92,"Stranger Things √© gen√©rico pra caralho, totalmente compreens√≠vel kkkkkkkk",0
73,ir7yxdd,Vai se acostumando que quase todo professor faz esse jogo sujo :'),0
74,irx7kkz,"Pol√≠tico √© engra√ßado demais, se algu√©m faz uma propaganda em rede aberta de televis√£o me massacrando eu nunca mais iria me ligar com essa pessoa, mas t√° l√° hoje a Marininha fazendo o L do lado do Sapo Ladr√£o pra tentar ganhar uma boquinha no futuro governo.

T√° errada? Acho que n√£o, o bandido vai vir com tudo pra cima de todo mundo que √© advers√°rio dele e ela t√° tentando se livrar da persegui√ß√£o.",0
75,it0itqz,Olha a sorte dos cara pqp,2
76,itl64s0,"Eu j√° pesquisei e li sobre isso bastante e vi pessoas dizendo que o governo lula foi social-liberal, queria saber onde est√° o comunismo que o Bolsonaro sempre diz, cade a socializa√ß√£o dos meios de produ√ß√£o?

Eu n√£o sou um liberal bob√£o que acha que privatiza√ß√£o e diminuir impostos resolve tudo.

O estado precisa participar da economia e de pol√≠ticas em geral tamb√©m, por exemplo, o liberalismo sempre defendeu a renda minima desde da sua ess√™ncia, Milton Friedman j√° falava disso a muito anos atr√°s.

O problema √© no Brasil tudo √© deturpado e o liberalismo n√£o fica de fora, acham que somos ancaps e isso est√° muito longe de ser verdade.",0
77,iuemgbr,"Nossa fez a otima, s√≥ manter",2
78,iv6k1v5,"Tu chupa um cu sujo e vem falar ""?"" pra mim?

Mas t√°, isso se resolve facilmente com uma conversa. Vai ser constrangedora? Com certeza vai, principalmente pra ele. Mas tem que ser feito. Pede pra conversar e fala pra ele que voc√™ n√£o gosta quando ele n√£o t√° limpo l√° embaixo, e que n√£o vai fazer mais se ele n√£o tomar um banho bem tomado antes. Pronto.",0
79,iw15mxj,Tu vai beijar uma garota de programa louco!????,0
80,iwtg9o2,[ aproveite meu nobre,2
81,ix1gtn9,show da gretchen as 22:00,1
82,iycqxp5,"Cada dia que passa eu tenho mais certeza que √© nosso dever ensinar intelig√™ncia emocional para as meninas, pra elas n√£o terem que passar por esse tipo de situa√ß√£o. √â triste que uma mulher se renda √†s emo√ß√µes e n√£o √† raz√£o. O futuro √© sombrio.",0
83,izob9un,"Sem novidades, o TSE vai usar sem d√≥ os poderes absolutos dados pelo STF e vai ser assim o governo transformando o congresso em vaca de pres√©pio.",0
84,izuxz2e,Imaturidade o nome,0
85,j0le6wr,"*guardinha municipal, certamente n√£o passou no concurso de pol√≠cia de verdade mas por estar vestindo uma farda ainda sim acha que √© o pica das gal√°xias.",0
86,httuace,Tem pai que √© cego...,1
87,hu0p1wz,Belo √™ para√≠so fiscal,0
88,hw8we2g,"N√£o ia cair fora? KKKKKKKKKK

E outra, quero saber onde eu t√¥ criando essa narrativa sendo que ele fala NO V√çDEO que defende a exist√™ncia de um partido nazista para o nazista.",0
89,i0mv2im,"Marco Feliciano √© o lixo dos lixos. Come√ßou a vida como pastor de igreja neopetencostal e de l√° foi direto para a politica, entupindo os bolsos de dinheiro. 

Se houver um inferno, ele vai direto pra l√°.",0
90,i0v9s2l,"Lidar com pedreiros √© tipo abrir a caixa de Pandora. Acho que o melhor modo de lidar disso √© contratando uma empreiteira, por√©m ficaria um pouco mais caro.",1
91,i1iuuw5,"At√© o pessoal de hoje aprender a tocar a bola de 1950 eles tamb√©m passariam aperto. Essas s√£o compara√ß√µes sem sentido mesmo, at√© porque o pessoal da √©poca se viesse pra nossa poderia usar a evolu√ß√£o da medicina e n√£o jogaria 200 jogos por ano sem cart√µes.",0
92,i2gnet2,">Se fosse qualquer marido dando o tapa eu ia bater palmas mas como foi esse corno manso eu fiquei √© puto.

exatamente",0
93,i2s7iys,"Sim, meninos acompanhados pelo pai

E n√£o meninas pequenas acompanhadas pela m√£e

A problem√°tica, que j√° foi comprovada √© que existem homens que se dizem trans para irem no banheiro e se aproveitar a vulnerabilidade das mulheres que est√£o ali",0
94,i2svl0y,Dizem que esse tipo de mouse era usado pelos hebreus...,1
95,i3aglio,"Porra ta de sacanagem

Fazer a gente ser eliminado pro Palmeiras 2 vezes no ano √© de fud√™",0
96,i4hdxb7,"Tem pessoa que diz comer o p√£o que o diabo amassou, esse ai come o p√£o que o diabo nem conseguiu amassa.",0
97,i4lw80i,"Da pra abater preju√≠zo de lucro em FI caso seja da mesma classifica√ß√£o tribut√°ria, como por exemplo: FI de Curto Prazo, Longo Prazo e de A√ß√µes. 

Muita gente acha que precisam ser tamb√©m do mesmo administrador, mas a Receita, por meio da IN 1637/2016 diz que n√£o precisa caso voc√™ aporte no fundo por uma intermediadora, por√©m, precisa ser sempre nesta mesma intermediadora para voc√™ poder fazer a compensa√ß√£o, se forem corretoras diferentes n√£o rola",1
98,i5kecac,">ele e a mulher era s√≥ love e a rela√ß√£o com a crian√ßa era super tranquila. Mas quando pegou pra casar e viver o cotidiano a moeda girou.

Mas a√≠ o problema √© o casamento em si, n√£o o relacionamento, ali√°s, todos os casamentos. Uma maravilha durante o namoro, dif√≠cil durante o casamento.",1
99,i5m0qci,Porque o gado gosta dele.,2
100,i5nxyrt,"Assim que o Diego Souza sair o Guarani vai colocar goleiro-linha, pq o risco de tomar gol √© zero",1
101,i5vsqod,"Sim, sempre tem um fdp q s√≥ fica brincando, jogando, brincando, mas inventa de fuder tua vida, seja inventando trabalhos p tu fazer ou fudendo o ambiente, com fofoca ou esquentando o ambiente, desligando o ar, bagun√ßando tudo, parece q testam a nossa paci√™ncia. A gente reza mas sempre tem uns dem√¥nios desses no meio do caminho.",0
102,i7z2njq,Adorei! Ficou muito legal ver o GT-R andando! Que software voc√™ usou para animar?,2
103,i8189mt,Sair **√†s** ruas. Livro burro.,0
104,i9fvlhu,"Roxo fica lindo e n√£o √© t√£o comum

[cabelo roxo](",2
105,ibpx1w7,Percebo que as bel√≠ssimaS e moralmente corretas n√£o s√£o da cidade de Taubat√©,0
106,icoo4uv,Ai tu tenta rodar um Tibia um LoL e essa merda n√£o roda direito.,0
107,iddkfgb,#fora dorival volta pro voz√£o,0
108,ig1pahp,"Vish kkkkkk aposto que se aplicar um teste de conhecimentos gerais sobre o Brasil, mais da metade n√£o passa kkkkkkkk",0
109,ij79njs,Que vc n√£o √© atraente,0
110,ikz2pv2,"na verdade, pelos n√∫meros, seria ruim fazer uma compara√ß√£o de propor√ß√£o com zeros.

mas 10.000 est√° 1 assim como 100.000.000 est√° para 10.000.
(e usando as palavras de outro redditor, isso √© matem√°tica de 4a s√©rie).",1
111,im6k9ve,SUBIMO PORRAAAAAAAAAAA,2
112,imuftmu,Clown World total,1
113,inknk9y,Kkkkk quase cuspi o caf√© pqp,2
114,inq85or,"Pedir Maiscedo nem √© o pior de todos, tem Silas Malacheia, tem o pastor do feij√£o m√°gico (esqueci o nome dele), tem a igreja do Milton Ribeiro que produziu esses dias um documento onde diz que se ""deve combater as id√©ias de esquerda"", tem a igreja picareta que o ex-jogador Kak√° frequenta, etc etc etc

Se tem algum evang√©lico ""bom"", me cita a√≠ algum, pois eu s√≥ consigo lembrar de lixo, arrogante e falso moralista.",0
115,iol6sgv,"Porra, que decep√ß√£o. Tomara que essa crian√ßa esteja segura.",0
116,ipv86my,at√© hoje meu sal√°rio n√£o aumentou kkkk,0
117,iqnztiu,Culpar ele e mais um monte.,0
118,iqx4hcl,"O Pessoal tem que parar de achar que as pessoas s√£o burras por causa de classe social ou situa√ß√£o financeira.

Olha o Felipe Neto, √© rico e imbecil.",0
119,iuhx4bs,"Eu gostaria muito tamb√©m tenho passaporte mas n√£o tenho visto, sei programar mas fa√ßo at√© coisas de constru√ß√£o civil, chama inbox que a gente conversa gostaria muito de tirar algumas duvidas",2
120,iv2glyx,"ainda usou o perfil da Bia Kiks pra falar isso, falou que fugiu ""pra ter liberdade de express√£o"" n√£o foi exatamente isso mas alguma palha√ßada na mesma linha",0
121,ivtcv6v,O Santos contra esse time a√≠ empataria em 1x1.,1
122,iwnvnpt,"ruim, nem sei o que ele faz. tapa buraco.",0
123,iwrxbq0,"Coxinha, empadinha, quindim,",1
124,iwshb65,Mas n√£o deixa de ser exatakkkkkkk,2
125,iy975vx,"Essa fonte basicamente xinga os brasileiros de b√™bados. S√≥ de ler vc fica tonto como se tivesse tomado pinga, ent√£o eu acho q a inspira√ß√£o foi no √°lcool.",0
126,iyfsz60,"Eae, chegou?",1
127,iyiylgc,a papuda ta comendo a mente do cidad√£o,0
128,iyvd7wm,"As mulheres querem Homem parceiro, com conversa boa e cheiroso, isso eh um 8 pra elas. Beleza eh a cereja do bolo, ou o que justifica cometer erros hahahah",2
129,izjqtg6,"""Pessoal n√£o consegue""",0
130,j00l1i4,"Depende da sua moral, se ningu√©m descobrir, ent√£o √© literalmente foda-se, como se nunca tivesse acontecido. As pessoas consumam complicar as coisas, mas no fim √© tudo muito mais f√°cil.

Se voc√™ considera isso um ato ruim, simplesmente n√£o repita o erro, remoer n√£o vai te fazer voltar no tempo.",1
131,j0ucc19,"Errado. De 2002 pra sulamericano tem hist√≥rico POSITIVO x europeus em copa dos mundos e em copa das confedera√ß√µes. Em confrontos diretos 

A raz√£o de Europa ter 4 WC x 2WC sudakas √© porque europeus tem 4x mais times que sulamericanos. 

Quando o torneio tem a mesma quantidade de times, sulamericanos ganham de lavada (copa das confedera√ß√µes,)",0
132,hx4ah7g,E ganhar voto agora √© garantia de relev√¢ncia e sensatez? N√£o que o pco seja sensato.,0
133,i07397k,Vai trabalhar no shopping.,1
134,i0jhdy3,"Na verdade a mongolia invadiu o japao duas vezes. Na primeira eles perderam em terra, e na segunda invasao, foram parados pelos ventos. 

Finlandia chegou a um acordo, e cedeu uma parte do territorio. Depois de matar muitos sovieticos.

>Grecia se fodeu para a Alemanha.
Etiopia se fodeu para a Italia na segunda vez

exatamente. Na SEGUNDA, mas a italia perdeu na primeira, nas duas invasoes.",1
135,i1ntib5,Que √© um decore??,1
136,i1xg1k5,"Nano machines, son!",1
137,i26o1i0,"Uma amiga minha caiu num golpe no ano passado mesmo eu alertando. 

Quando a pessoa est√° disposta em acreditar numa mentira, n√£o adianta alertar.",0
138,i3aa74j,Kyle e Kayo,1
139,i4qd91o,"Se n pudesse votar nulo, votaria no Bozo pq odeio ele UM POUCO menos que o Lula",0
140,i7mrkwk,N√© poss√≠vel que o gato fez isso üòÇ,2
141,i7pqh7j,"Esquerdista √© burro n√© mano, vai esperar oq",0
142,i8t8gsy,A minha m√£e √© profissional em F√≠sica. Ela afirmou que tudo isso est√° corret√≠ssimo üëå,2
143,ibbyo3c,Vai nada,1
144,ieii1rf,"Conselho de quem namorou uma colega de trabalho:

CHUTA QUE √â MACUMBA!

Roubada. Cilada. Cana. Programa de √≠ndio. Chave de cadeia. N√£o h√° *nada* pior do que uma namorada no trabalho. 

Aquela coleguinha arrastou a asinha para voc√™ na frente dela? Briga.

O colega de departamento dela anda falando pros outros como ela anda gostosa? Briga.

Aconteceu um estresse de trabalho onde voc√™s dois estavam em lados opostos? Briga.

Brigou? Vai ter que encarar a fera todo dia at√© terminar o namoro.

Terminou? Vai ter que encara a fera e *todas* as amigas dela do trabalho que agora odeiam voc√™ igualmente.

Isso se ela n√£o for vingativa e fizer da sua vida um inferno antes de achar um jeito de fazer voc√™ ser demitido.

O mar est√° cheio de peixes. Deixa de pescar s√≥ nesse pinuquinho aqui e sua vida ser√° muito mais tranquila.",0
145,if25bwg,Pra mim pizza doce n√£o existe. √â s√≥ um p√£o doce glorificado.,1
146,ihqm43d,Espera! Hummm n√£o! Senti s√≥ vergonha mesmo por ter que habitar este planeta com criaturas t√£o inferiores,0
147,ihv4ej7,Hoje em dia voc√™ √© passivo (nos esportes)?,1
148,ii3n4s3,S√≥ quando √© conveniente para lacra√ß√£o,0
149,ikbseu0,"Vai de Chrome mesmo, n√£o cai na furada do Brave, √© cheio de falhas ",1
150,ilnk9zz,Mesmo motivo que fiz vc nascer. Quest√µes de momento,1
151,im2fiv2,"Tentaria come√ßar a filmar antes e levar para a pol√≠cia. Se a primeira op√ß√£o n√£o desse certo, e  se outras pessoas tiverem presenciado a agress√£o contra mim, eu imobilizaria ela at√© algu√©m me ajudar. Se fosse um homem partiria logo para a segunda op√ß√£o, pois h√° um perigo bem maior por conta da for√ßa f√≠sica.",0
152,io9kij1,Foi s√≥ pra aumentar a lista de clubes que treinou.,1
153,iqx1ds7,√ìbvio que o Op √© palmeirense kkkkkkk. S√≥ perde em casa,1
154,ire21ld,Mandem no ZAP e o Telegram. Junto com o link da entrevista.,1
155,irewswi,"Nova Zelandia t√° com -1,5% amigo, Brasil √© -28% meo deoosss

Em 2020 Nova zelandia √© +11,4% j√° Brasil -21,7% que vergonha",0
156,isgj1r2,Esse Mandetta matou milhares de pessoas com esse protocolo rid√≠culo de s√≥ ir pro hospital s√≥ quando tiver faltando ar.,0
157,isolh5a,"E h√° quem defenda ele, mas s√≥ fechando os olhso pra corrup√ß√£o do Bolsonaro pra achar que ele est√° l√° pra lutar contra a corrup√ß√£o",0
158,it50qps,"Parab√©ns, voc√™ tem um belo gosto horr√≠vel.",0
159,itbq8dl,Powered by MS Paint‚Ñ¢,1
160,iufwn5w,Zema tem experi√™ncia comprovada no executivo.,1
161,ivk9snz,fala pra ele que um reconhece o outro.( plot twist ele vai fica calvo tbm),0
162,iw02tkb,"Depende do que voc√™ classifica como pa√≠s socialista ou comunista.

O Archie Brown em um livro sobre o comunismo, diferenciava pa√≠ses socialistas (governados por socialistas) de pa√≠ses comunistas (que tem economia planificada, centralismo democr√°tico, um partido, controle dos meios de prod. e etc)

Nesse caso, s√≥ Cor√©ia do Norte, Cuba e Laos seriam ""comunistas""",1
163,iw6ujqh,"A melhor coisa √© ignorar, so pelo tipo de comentario e a quantidade de comentarios dos memsos usuarios falando a mesma coisa em todo post ja da pra ver que √© gente sem vida. Imagino esse povo vendo uma torcida em estadio de futebol kkkkkk",0
164,iwqe6kw,"Tomar Roacutan. Mesmo assim continuo n√£o sendo grandes coisad, mas comparado coma antigamente jesus cristo...",1
165,iwucgdg,"tankie geralmente odeia o ir√£. que porra tu ta falando, mano? que tipo de tankie defende estado fundamentalista absolutista religioso?",0
166,iwyyax0,"1  O que fizeram em Los Angeles foi outra coisa totalmente diferente. Meramente descriminalizaram a posse. Significa apenas que o usu√°rio n√£o vai preso se for pego com drogas. S√≥ isso. Isso a√≠ j√° existe na regi√£o da cracol√¢ndia na maior parte do tempo. Em Los Angeles, jamais houve provis√£o controlada legal, que √© o que est√° sendo defendido no texto. S√£o duas coisas absolutamente diferentes. Pesquise direito.

2. Sabe outro Estado dos E.U.A. onde descriminalizaram a posse de drogas tamb√©m? Oregon. E n√£o houve nada parecido com o que aconteceu em Los Angeles. Logo, o seu argumento n√£o serve sequer contra a descriminaliza√ß√£o em si, quanto mais contra a dispensa√ß√£o controlada legal, que √© o que est√° sendo defendido aqui. √â puro *cherry picking*. O exemplo de L.A. no m√°ximo serve de alerta se n√£o houver cuidado e certo controle. O fato da mesma coisa n√£o ter acontecido em outros lugares que descriminalizaram a posse mostra que esse ""fracasso brutal"" n√£o √© consequ√™ncia necess√°ria da descriminaliza√ß√£o em si.

3. Os Estados Unidos teve v√°rios programas de dispensa√ß√£o controlada legal de drogas pra viciados at√© os anos 60. V√°rios programas de prescri√ß√£o de morfina e hero√≠na pra viciados. E todos eles funcionaram extremamente bem. Os resultados foram exatamente os mesmos observados na Su√≠√ßa.

4. Como eu disse, o que eu defendo aqui n√£o deu certo s√≥ na Suica. Deu certo em absolutamente todo lugar em que foi tentado. No texto eu cito tr√™s exemplos: Gr√£-Bretanha, Su√≠√ßa e M√©xico (que s√£o apenas tr√™s exemplos de v√°rios pa√≠ses que tentaram, sempre com sucesso).

5. O programa se trata de legalizar a droga pra maiores que j√° usam. Dispensa√ß√£o legal, mediante prescri√ß√£o, pra usu√°rios confirmados e licenciados. N√£o h√° o m√≠nimo risco de menores come√ßarem a usar o crack da cl√≠nica pra se distrair (uma hip√≥tese t√£o ris√≠vel, que √© at√© dif√≠cil levar teu coment√°rio a s√©rio).",0
167,iyvd0es,"A √∫ltima que eu tomei foi no meio desse ano, e com certeza eu vou continuar tomando as novas assim que disponibilizar!! Valeu pelo toque!",2
168,izqc5yj,L√≥gico que desabou kkkkk,1
169,j0kxoll,como √© bom ter democracia,2
170,j0s2ruz,"Sei n√£o em aposto que o Cristiano Ronaldo √© mais cheiroso e bonito que essa mina,  e menos chato CERTEZA",0
